SMILES,Common_Name,Best_Affinity_(kcal/mol),CID
Cc1cc(O[C@@H](CCC(F)(F)F)c2ccc(C(=O)NCCC(=O)O)cc2)cc(C)c1-c1ccc(C(C)(C)C)cc1,Adomeglivant,-11.314,91933867
C[C@H]1CC[C@@H](NCc2ccc3c(c2)Cc2c(-c4ccc(C(=O)O)cc4)n[nH]c2-3)CC1,"4-(6-{[(4-METHYLCYCLOHEXYL)AMINO]METHYL}-1,4-DIHYDROINDENO[1,2-C]PYRAZOL-3-YL)BENZOIC ACID",-11.268,9844011
O=C(O)C[C@H]1CCc2c1[nH]c1ccc(OCc3ccc(C4CCCC4)c(C(F)(F)F)c3)cc21,Etrasimod,-11.07,44623998
Cc1ccc(C(=O)Nc2ccc(CN3CCN(C)CC3)c(C(F)(F)F)c2)cc1C#Cc1nnc2ccccn12,Vamotinib,-10.989,71475839
CCc1cc(/C(C)=N/OCc2ccc(C3CCCCC3)c(C(F)(F)F)c2)ccc1CN1CC(C(=O)O)C1,Siponimod,-10.921,44599207
Cc1ccc(C(=O)Nc2ccc(CN3CCN(C)CC3)c(C(F)(F)F)c2)cc1C#Cc1cnc2cccnn12,Ponatinib,-10.677,24826799
CNC(=O)c1cc(Oc2ccc(NC(=O)Nc3ccc(Cl)c(C(F)(F)F)c3)cc2)ccn1,Sorafenib,-10.638,216239
C[C@H](Oc1ccc(-c2nc(-c3ccc4[nH]cnc4c3)no2)cc1C(F)(F)F)C(F)(F)F,ASP-4058,-10.635,16755143
Fc1ccccc1-c1nc2ccn(Cc3ccc(-c4ccc(C(F)(F)F)cc4C(F)(F)F)nn3)cc-2n1,Tegobuvir,-10.563,23649154
[2H]C([2H])([2H])NC(=O)c1cc(Oc2ccc(NC(=O)Nc3ccc(Cl)c(C(F)(F)F)c3)cc2)ccn1,CM-4307,-10.5,25191001
O=C(O)c1ccc(C(F)(F)F)cc1-c1ccc2c(c1)OC[C@H](Cc1ccccc1)[C@H]2O,CP-195543,-10.362,9823886
CCC[C@H](Oc1cc(C)c(-n2cc(C(F)(F)F)cn2)c(C)c1)c1ccc(C(=O)NCCC(=O)O)cc1,PF-06291874,-10.307,60151939
Cc1oc(-c2ccccc2)nc1COc1ccc(CO/N=C(\CCC(=O)O)c2ccccc2)cc1,Imiglitazar,-10.263,9890879
Cn1nnc(-c2ccc(-c3ccc(N4C[C@H](COP(=O)(O)O)OC4=O)cc3F)cn2)n1,Tedizolid phosphate,-10.248,11476460
CCC(=O)N[C@@H]1CCCc2c(-c3ccc4c(c3)CCC(=O)N4C)cncc21,Baxdrostat,-10.044,71535962
C[C@](O)(COc1c(F)c(F)c(F)c(F)c1F)C(=O)Nc1ccc([N+](=O)[O-])c(C(F)(F)F)c1,(2S)-2-hydroxy-2-methyl-N-[4-nitro-3-(trifluoromethyl)phenyl]-3-(pentafluorophenoxy)propanamide,-10.034,10174090
Cc1nnc(-c2ccc(-c3cc(C(=O)NC4CC4)ccc3C)c(C)c2)o1,"N-cyclopropyl-2',6-dimethyl-4'-(5-methyl-1,3,4-oxadiazol-2-yl)biphenyl-3-carboxamide",-10.006,10089048
O=C(O)C[C@H](CCN1CCCC(F)(F)C1)NC(=O)c1cc(-c2ccccc2C(F)(F)F)n(C2CCCC2)n1,APT-101,-10.004,129226407
O=C(O)c1ccc(CN2C[C@@H]3C[C@H]2CN3Cc2ccc(Oc3ccc(-c4ncco4)cc3)cc2)cc1,Acebilustat,-9.984,68488178
Cc1ccc(C(=O)Nc2ccc(CN3CCN(C)CC3)c(C(F)(F)F)c2)cc1C#Cc1cnc2[nH]ncc2c1,HQP1351,-9.983,51038269
Cn1c(Nc2c(Cl)ccc(CNC(=O)C(C)(C)C)c2Cl)nc2cc(C(=O)N[C@H]3CC[C@H](C(F)(F)F)CC3)c(OCC(F)F)cc21,Vipoglanstat,-9.952,56649447
CCOc1ccc(C2COc3c(ccc4c3CCC(C)(C)O4)C2)c(O)c1,Vutiglabridin,-9.906,118204185
CCc1cc(-c2noc(-c3cc(OC)nc(C4CCCC4)c3)n2)cc(C)c1OC[C@@H](O)CO,Cenerimod,-9.88,49871973
C[C@]12CC[C@@H]3c4ccc(OC(=O)N(CCCl)CCCl)cc4CC[C@H]3[C@@H]1CC[C@@H]2OP(=O)(O)O,Estramustine phosphate,-9.874,259329
CC(=O)N[C@@H](Cc1ccc(OCC(=O)O)c(P(=O)(O)O)c1)C(=O)N[C@@H](C)c1ccc(OCC2CCCCC2)c(C(N)=O)c1,{4-[(2S)-2-Acetamido-3-({(1S)-1-[3-carbamoyl-4-(cyclohexylmethoxy)phenyl]ethyl}amino)-3-oxopropyl]-2-phosphonophenoxy}acetic acid,-9.863,446300
Cc1cc(OCCCS(C)(=O)=O)cc(C)c1-c1cccc(COc2ccc3c(c2)OC[C@H]3CC(=O)O)c1,Fasiglifam,-9.815,24857286
O=C(Nc1ccc(OC(F)(F)Cl)cc1)c1cnc(N2CC[C@@H](O)C2)c(-c2ccn[nH]2)c1,Asciminib,-9.768,72165228
Cn1nnc(-c2ccc(-c3ccc(N4C[C@H](CO)OC4=O)cc3F)cn2)n1,Tedizolid,-9.755,11234049
Cc1cc2c(CCc3sc(-c4ccc(C(F)(F)F)cc4)nc3C(C)C)noc2cc1OCC(=O)O,Fonadelpar,-9.646,9827461
C[C@@]1(C(=O)Nc2ccc(C#N)c(C(F)(F)F)c2)CC(C(F)(F)F)=NN1,JNJ-28330835,-9.611,11703306
CCOC(=O)[C@@H]1CC2(CCN(c3cc(O[C@H](c4ccc(Cl)cc4-c4ccccc4)C(F)(F)F)nc(N)n3)CC2)CN1,Rodatristat ethyl,-9.571,92045025
O=C(O)CC1CCN(C(=O)c2ccc(Cl)c(Cn3ccc4cc(C(F)(F)F)cc(Cl)c43)c2Cl)CC1,Cedirogant,-9.526,124123797
CC(C)Oc1ncc(-c2nc(-c3cccc4c3ccn4CCCC(=O)O)no2)cc1Cl,GSK-2018682,-9.502,24988201
Cc1cc(C(=O)N[C@@H](CCC(=O)O)C(=O)O)sc1CC[C@@H]1CNc2nc(N)[nH]c(=O)c2C1,Pelitrexol,-9.494,135431074
CCCc1c(OCCCOc2ccc3c(ccn3CC(=O)O)c2)ccc2c(C(F)(F)F)noc12,2-{5-[3-(7-PROPYL-3-TRIFLUOROMETHYLBENZO[D]ISOXAZOL-6-YLOXY)PROPOXY]INDOL-1-YL}ETHANOIC ACID,-9.448,9547900
Cc1cc(OCP(=O)(O)O)cc(C)c1Cc1ccc(O)c(Cc2ccccc2)c1,VK-0214,-9.425,15942270
COc1ccc(C(=O)N2CCCc3cc(C4=NNC(=O)S[C@@H]4C)ccc32)cc1OC,"5-[1-(3,4-Dimethoxy-Benzoyl)-1,2,3,4-Tetrahydro-Quinolin-6-Yl]-6-Methyl-3,6-Dihydro-[1,3,4]Thiadiazin-2-One",-9.407,446286
Cc1nnc(-c2ccc(C)c(-c3ccc(C(=O)NCC4CC4)cc3)c2)o1,"N-(cyclopropylmethyl)-2'-methyl-5'-(5-methyl-1,3,4-oxadiazol-2-yl)biphenyl-4-carboxamide",-9.405,21078798
CC(=O)N[C@@H](Cc1ccc(OP(=O)(O)O)c(C=O)c1)C(=O)N[C@H]1CCCCN(Cc2ccc(-c3ccccc3)cc2)C1=O,RU84687,-9.4,5287544
Cc1cc(SCc2sc(-c3ccc(C(F)(F)F)cc3F)nc2C)ccc1OC(C)(C)C(=O)O,Sodelglitazar,-9.391,9805950
O=c1nc(OC[C@@H]2COCCO2)cc2n1CCc1cc(C#CC3CC3)ccc1-2,GLPG-1205,-9.375,71616860
N#Cc1ccc(COc2cccc(C3CCN(Cc4nc5ccc(C(=O)O)cc5n4C[C@@H]4CCO4)CC3)n2)c(F)c1,PF-06882961,-9.354,134611040
CC(O)(CS(=O)(=O)c1ccc(F)cc1)C(=O)Nc1ccc(C#N)c(C(F)(F)F)c1,Bicalutamide,-9.285,2375
Cc1cc(C(=O)N(C)C)cc(NC(=O)[C@H]2CCC(=O)N2C2CCN(Cc3ccc(Cl)c(C)c3)CC2)n1,ALK-4290,-9.28,59534386
CC(C)Oc1ccc(-c2nc(-c3cccc4c3CC[C@@H]4NCCO)no2)cc1C#N,Ozanimod,-9.255,52938427
Cc1cc(-c2ccccc2[C@@H](C)OC[C@H](O)CNC(C)(C)Cc2ccc(Cl)c(F)c2)ccc1C(=O)O,Encaleret,-9.181,46917559
C[C@](O)(COc1ccc(F)cc1)C(=O)Nc1ccc([N+](=O)[O-])c(C(F)(F)F)c1,S-3-(4-FLUOROPHENOXY)-2-HYDROXY-2-METHYL-N-[4-NITRO-3-(TRIFLUOROMETHYL)PHENYL]PROPANAMIDE,-9.154,5288215
CN(C)C(=O)COc1ccc2c(c1)C[C@@H](NC[C@H](O)c1ccc(O)c(CCO)c1)CC2,Bedoradrine,-9.153,9963057
CCOc1ccccc1C(=O)NCc1coc(-c2ccc(OC(F)F)c(OC(C)C)c2)n1,Difamilast,-9.133,57855696
NC(CO)(CO)CCc1ccc(Sc2cccc(OCc3ccccc3)c2)cc1Cl,Mocravimod,-9.081,11155874
C[C@H](NC(=O)[C@H](Cc1ccc(-c2ccccc2)cc1)C[P@](=O)(O)[C@H](C)N)C(=O)O,"N-[3-[(1-Aminoethyl)(Hydroxy)Phosphoryl]-2-(1,1'-Biphenyl-4-Ylmethyl)Propanoyl]Alanine",-9.077,5478838
CC(=O)Nc1ccc(OC[C@](C)(O)C(=O)Nc2ccc([N+](=O)[O-])c(C(F)(F)F)c2)cc1,Andarine,-9.065,9824562
O=C(O)c1cccc(-c2noc(-c3ccccc3F)n2)c1,Ataluren,-9.036,11219835
CC(=O)N[C@@H](Cc1ccc(C(F)(F)P(=O)(O)O)cc1)C(=O)N[C@H]1CCCCN(Cc2ccc(-c3ccccc3)cc2)C1=O,RU82209,-9.032,447523
C[C@@H](O[C@H]1OCCN(Cc2nc(=O)n(P(=O)(O)O)[nH]2)[C@H]1c1ccc(F)cc1)c1cc(C(F)(F)F)cc(C(F)(F)F)c1,Fosaprepitant,-9.031,135413538
CCO[C@H]1CC[C@H](n2cc(NC(=O)c3csc(-c4cnn(C(C)OP(=O)(O)O)c4)n3)c(-c3nc(F)ccc3F)n2)CC1,R906289,-9.021,155782792
CC[C@@H](C(=O)[C@@H](C)[C@@H](O)[C@H](C)CCc1ccc(C)c(O)c1C(=O)O)[C@H]1O[C@](CC)([C@H]2CC[C@](O)(CC)[C@H](C)O2)C[C@@H]1C,Lasalocid,-8.971,5360807
CCCCCC[C@@H]1CCc2cc([C@H]3CC[C@](N)(CO)C3)ccc2C1,BMS-986104,-8.937,77050638
CCc1nc(-c2ccc3c(c2)CC[C@H]3NC(=O)c2cnn(C)c2)no1,Aficamten,-8.892,139331495
O=c1[nH]c(NCc2cccc3ccccc23)nc2c1ncn2[C@H]1C[C@H](O)[C@@H](COP(=O)(O)O)O1,2'-deoxy-N-(naphthalen-1-ylmethyl)guanosine 5'-(dihydrogen phosphate),-8.88,135908259
O=C(O)CCCC(=O)N[C@H](Cc1ccccc1)[P@@](=O)(O)OCC(=O)NCCc1ccccc1,N-{[2-({[1-(4-CARBOXYBUTANOYL)AMINO]-2-PHENYLETHYL}-HYDROXYPHOSPHINYL)OXY]ACETYL}-2-PHENYLETHYLAMINE,-8.879,447154
Cc1cc(SCc2sc(-c3ccc(C(F)(F)F)cc3)nc2C)ccc1OCC(=O)O,Cardarine,-8.861,9803963
O=C(O)Cc1cccc(OCCCN(Cc2cccc(C(F)(F)F)c2Cl)CC(c2ccccc2)c2ccccc2)c1,GW-3965,-8.801,447905
O=C(COc1ccc(Cl)c(F)c1)NC12CCC(NC(=O)COc3ccc(Cl)c(F)c3)(CC1)[C@@H](OCOP(=O)(O)O)C2,Fosigotifator,-8.784,153563259
CNCC1CCCCN1C(=O)Oc1ccc(CNC(=O)CCCC/C=C/C(C)C)cc1OC,Vocacapsaicin,-8.769,121349852
C[C@H](C(=O)O)c1ccc2oc(-c3ccc(F)cc3)nc2c1,Flunoxaprofen,-8.741,68869
Cc1c(N[C@@H](c2nnc(-c3ccc(C#N)cc3)o2)[C@H](C)O)ccc(C#N)c1Cl,RAD-140,-8.693,44200882
Cc1ccc(NC(=O)c2ccc(CN3CC[C@H](N(C)C)C3)c(C(F)(F)F)c2)cc1Nc1nccc(-c2cncnc2)n1,Bafetinib,-8.674,11387605
COc1ccc(CSc2nnc(-c3ccc4c(c3)OCO4)o2)cc1F,"2-(1,3-benzodioxol-5-yl)-5-[(3-fluoro-4-methoxybenzyl)sulfanyl]-1,3,4-oxadiazole",-8.63,2079916
NC(=O)c1ccc(Oc2ccc(CNCCC3CCOCC3)cc2F)nc1,Ondelopran,-8.622,10457387
O=P(O)(O)[C@@H](CCCc1cccc(Oc2ccccc2)c1)S(=O)(=O)O,(1R)-4-(3-phenoxyphenyl)-1-phosphonobutane-1-sulfonic acid,-8.618,24748047
C[C@](O)(CS(=O)(=O)c1ccc(F)cc1)C(=O)Nc1ccc(C#N)c(C(F)(F)F)c1,(R)-Bicalutamide,-8.597,56069
CC(C)(CC1Cc2ccccc2C1)NC[C@@H](O)COc1cc(CCC(=O)O)cc(F)c1F,Ronacaleret,-8.597,10345214
CC[C@H](C)C(=O)O[C@H]1C[C@@H](C)C=C2C=C[C@H](C)[C@H](CC[C@H]3C[C@@H](O)CC(=O)N3Cc3ccc4c(CO)c(OC)ccc4c3)[C@H]21,LFA703,-8.571,449169
CCN(CCCOc1ccc2c(Nc3cc(CC(=O)Nc4cccc(F)c4)n[nH]3)ncnc2c1)CCOP(=O)(O)O,Barasertib,-8.566,11497983
O=C(O)CCC/C=C\C[C@@H]1[C@@H](/C=C/[C@@H](O)COc2cccc(C(F)(F)F)c2)[C@H](O)C[C@@H]1O,Fluprostenol,-8.532,5311100
CCOC(=O)COc1ccc2c(c1)C[C@@H](NC[C@H](O)c1cccc(Cl)c1)CC2,Amibegron,-8.53,3035442
CCO[C@H](COc1ccc(C(F)(F)F)cc1)CSc1ccc(OCC(=O)O)c(C)c1,Seladelpar,-8.53,11236126
C[C@](O)(COc1ccc(C#N)cc1)C(=O)Nc1ccc(C#N)c(C(F)(F)F)c1,Enobosarm,-8.489,11326715
Fc1cc(F)c2c(c1)C[C@@H](n1c(CCNCc3ccccc3)c[nH]c1=S)CO2,Zamicastat,-8.485,25052630
C[C@](O)(COc1ccc(Cl)c(F)c1)C(=O)Nc1ccc(C#N)c(C(F)(F)F)c1,S-23,-8.473,24892822
C[C@@H]1CC[C@H]([C@@H](O)C(F)(F)F)N1c1ccc2[nH]c(=O)cc(C(F)(F)F)c2c1,LGD2941,-8.468,16750192
CC(C)=CCC/C(C)=C/CC/C(=C/CO[P@@](=O)(O)OP(=O)(O)O)C(F)(F)F,Trifluorofurnesyl Diphosphate,-8.468,449547
CCC/N=C1\S/C(=C\c2ccc(OC[C@H](O)CO)c(Cl)c2)C(=O)N1c1ccccc1C,Ponesimod,-8.456,11363176
Cc1ccsc1C(=CCCN1CCC[C@@H](C(=O)O)C1)c1sccc1C,Tiagabine,-8.367,60648
CCCNC[C@@H](O)COc1ccccc1C(=O)CCc1ccccc1,(R)-Propafenone,-8.364,184819
CCOC(=O)CC[C@H](C[C@@H]1CCNC1=O)NC(=O)[C@H](CC(=O)[C@@H](NC(=O)c1cc(C)on1)C(C)C)Cc1ccc(F)cc1,"Ethyl (4R)-4-{[(2R,5S)-2-(4-fluorobenzyl)-6-methyl-5-{[(5-methyl-1,2-oxazol-3-yl)carbonyl]amino}-4-oxoheptanoyl]amino}-5-[(3S)-2-oxo-3-pyrrolidinyl]pentanoate",-8.35,5287636
COCCOC[C@H](CC1(C(=O)N[C@H]2CC[C@@H](C(=O)O)CC2)CCCC1)C(=O)Oc1ccc2c(c1)CCC2,Candoxatril,-8.325,5362417
CCNC(=O)Nc1ncnc2c1ncn2[C@@H]1O[C@H](COP(=O)(O)O)[C@H]2O[C@H](/C=C/c3ccccc3)O[C@H]21,Regrelor,-8.315,11273179
CCCCC[C@H](O)c1ccc(N2C(=O)CC[C@@H]2COCc2ccc(C(=O)OC(C)C)s2)cc1,Simenepag isopropyl,-8.293,46902081
CCCc1ccc(COc2ccc3c(c2)CCC(CN2CC(C(=O)O)C2)=C3C)c(OC)c1,Ceralifimod,-8.27,11502996
CC(C)OC(=O)CCC/C=C\C[C@@H]1[C@@H](/C=C/[C@@H](O)COc2cccc(C(F)(F)F)c2)[C@H](O)C[C@@H]1O,Travoprost,-8.265,5282226
CCCC[C@H](NC(=O)OCC1(Cc2ccc(F)cc2)CCC1)C(=O)C(=O)Nc1ccn[nH]1,[1-(4-Fluorobenzyl)Cyclobutyl]Methyl (1s)-1-[Oxo(1h-Pyrazol-5-Ylamino)Acetyl]Pentylcarbamate,-8.233,5288259
CO[C@@H]1[C@H](OP(=O)(S)OC[C@H]2O[C@@H](n3cnc4c(N)ncnc43)C[C@@H]2O)[C@@H](CO)O[C@H]1n1ccc(=O)[nH]c1=O,Inarigivir,-8.223,6912016
Cc1ccc2c(c1)c1c(n2C[C@@H](O)CNC2CCCCC2)CCCC1,"1-(CYCLOHEXYLAMINO)-3-(6-METHYL-3,4-DIHYDRO-1H-CARBAZOL-9(2H)-YL)PROPAN-2-OL",-8.221,961704
COc1ccc(C[C@H](NC(=O)CC(C)(C)N)C(=O)N[C@@H](Cc2cnc[nH]2)C(=O)N[C@@H](CC2CCCCC2)[C@@H](O)[C@@H](O)CC(C)C)cc1,Enalkiren,-8.215,60594
Cc1cccc(C)c1OCC(=O)N[C@@H](Cc1ccccc1)[C@@H](O)C[C@H](CC(C)C)NC(=O)c1cccc(N)c1,"4-Amino-N-{4-[2-(2,6-Dimethyl-Phenoxy)-Acetylamino]-3-Hydroxy-1-Isobutyl-5-Phenyl-Pentyl}-Benzamide",-8.173,446912
CCOC(=O)[C@H](CCc1ccccc1)N[C@@H](C)C(=O)N1Cc2ccccc2C[C@H]1C(=O)O,Quinapril,-8.17,54892
CCCNC[C@H](O)COc1ccccc1C(=O)CCc1ccccc1,(S)-Propafenone,-8.168,184820
Cc1cc([C@H]2C[C@H](O)[C@@H](COP(=O)(O)O)O2)c(F)cc1F,"1-[2-DEOXYRIBOFURANOSYL]-2,4-DIFLUORO-5-METHYL-BENZENE-5'MONOPHOSPHATE",-8.142,46937086
CC1(C)C(=O)N(c2ccc(C#N)c(C(F)(F)F)c2)C(=S)N1c1ccc(OC[C@@H](O)CO)cc1,Rezvilutamide,-8.125,89995232
Nc1cc(N2CCN(CCP(=O)(O)O)CC2)nc(NC[C@H]2CC[C@H](CNCCCNC3CCCCC3)CC2)n1,Burixafor,-8.122,44479007
CC(C)C[C@@H](NC(=N)N)C(=O)NCC(=O)N1CCC(c2cc(-c3ccc(OCc4ccc(C(=O)O)o4)c(Cl)c3Cl)nn2C)CC1,"N(2)-carbamimidoyl-N-{2-[4-(3-{4-[(5-carboxyfuran-2-yl)methoxy]-2,3-dichlorophenyl}-1-methyl-1H-pyrazol-5-yl)piperidin-1-yl]-2-oxoethyl}-D-leucinamide",-8.12,5288251
C[C@](O)(COc1ccc([N+](=O)[O-])cc1)[C@@H](O)Nc1ccc(C#N)c(C(F)(F)F)c1,"4-{[(1R,2S)-1,2-dihydroxy-2-methyl-3-(4-nitrophenoxy)propyl]amino}-2-(trifluoromethyl)benzonitrile",-8.105,46937071
CCCNCC(O)COc1ccccc1C(=O)CCc1ccccc1,Propafenone,-8.08,4932
C#CCN(c1nc(-c2cc(C)c(OC)cc2Cl)c(C)s1)[C@@H](CC1CC1)c1ccc(C)c(F)c1,Crinecerfont,-8.06,5282340
Cc1cc(C2CCCCC2)n(OCOP(=O)(O)O)c(=O)c1,Fosciclopirox,-8.021,67773619
CCOC(=O)C1(c2ccccc2)CCN(CCOCC2CCCO2)CC1,Furethidine,-8.018,61306
COc1cccc2[nH]c(C(=O)N[C@@H](CC(C)C)C(=O)N[C@@H](C[C@@H]3CCNC3=O)C(=O)COP(=O)(O)O)cc12,PF-07304814,-8.003,154699467
CN(CCCC1CCCCC1)C(=O)[C@H](CCC(=O)O)NC(=O)N(CC(=O)O)Cc1ccc(OP(=O)(O)O)cc1,4-[3-carboxymethyl-3-(4-phosphonooxy-benzyl)-ureido]-4-[(3-cyclohexyl-propyl)-methyl-carbamoyl]butyric acid,-7.973,448585
CNC(=O)[C@@H](c1ccccc1)N1CCc2cc(OC)c(OC)cc2[C@@H]1CCc1ccc(C(F)(F)F)cc1,Almorexant,-7.894,23727689
CCCC[C@H](OP(=O)(O)O)C(=O)N[C@@H](CC(C)C)C(=O)Nc1ccc([N+](=O)[O-])cc1,(S)-2-(Phosphonoxy)Caproyl-L-Leucyl-P-Nitroanilide,-7.87,17754079
CC(=O)N[C@@H](Cc1ccc(OCC(=O)O)c(P(=O)(O)O)c1)C(=O)N[C@H]1CCCCN(Cc2ccc(-c3ccccc3)cc2)C1=O,RU85493,-7.827,5287515
CCNCCc1ccc(CN(CC)c2cc(OC)ccc2[C@@H]2CCc3cc(O)ccc3C2)cc1,Elacestrant,-7.816,23642301
N#Cc1ccc(N2CCC[C@@H]2[C@@H](O)C(F)(F)F)cc1C(F)(F)F,Ligandrol,-7.799,44137686
CCCCC[C@H](O)/C=C/[C@@H]1[C@H]2C/C(=C/CCCC(=O)O)O[C@H]2C[C@H]1O,Epoprostenol,-7.752,5282411
O=C(O)CC[C@H](NC(=O)N[C@@H](CCCCNC(=O)Nc1ccc([123I])cc1)C(=O)O)C(=O)O,MIP-1095 I-123,-7.711,25168442
CC(C)=CCC/C(C)=C/CC/C(C)=C/CCN(C)CCO[P@](=O)(O)OP(=O)(O)O,2-[METHYL-(5-GERANYL-4-METHYL-PENT-3-ENYL)-AMINO]-ETHYL-DIPHOSPHATE,-7.68,447278
CCCCCC[P@](=O)(O)OC[C@H](C)Cc1ccccc1,Hexylphosphonic acid (R)-2-methyl-3-phenylpropyl ester,-7.641,4369425
COc1ccc(CCNCC(O)COc2cccc(C)c2)cc1OC,Bevantolol,-7.638,2372
C[C@@H](c1nc(-c2ccc(C#N)cc2)cs1)[C@@](Cn1cncn1)(OCOP(=O)(O)O)c1ccc(F)cc1F,Fosravuconazole,-7.603,9807507
Cc1cn([C@H]2C[C@H](N=[N+]=[N-])[C@@H](COP(=O)(O)OP(=O)(O)O)O2)c(=O)[nH]c1=O,Zidovudine diphosphate,-7.552,455742
CC(C)CCNc1ncnc2c1ncn2[C@@H]1O[C@H](COP(=O)(O)O)[C@@H](O)[C@H]1O,N6-ISOPENTENYL-ADENOSINE-5'-MONOPHOSPHATE,-7.536,10180201
CCCCCCCOc1ccc(CCC(N)(CO)CO)cc1C(F)(F)F,Amiselimod,-7.513,16129483
Cc1nc(-c2ccc(OCC(C)C)c(C#N)c2)sc1C(=O)O,Febuxostat,-7.505,134018
CN1N=C(N)c2cn([C@@H]3O[C@H](COP(=O)(O)O)[C@@H](O)[C@H]3O)c3ncnc1c23,Triciribine phosphate,-7.498,43860
CCC(C)(C)C(=O)O[C@H]1C[C@@H](C)C=C2C=C[C@H](C)[C@H](CC[C@@H](O)C[C@@H](O)CC(=O)O)[C@H]21,Tenivastatin,-7.475,64718
Cc1ncccc1NC(=O)c1ccc2c(c1)CC[C@@H]1C[C@@](OP(=O)(O)O)(C(F)(F)F)CC[C@@]21Cc1ccccc1,Fosdagrocorat,-7.469,24872952
CCCCCC[P@](=O)(O)OC[C@@H](C)Cc1ccccc1,Hexylphosphonic acid (S)-2-methyl-3-phenylpropyl ester,-7.457,4369426
Cc1cccc2c1ccn2[C@H]1C[C@H](O)[C@@H](COP(=O)(O)O)O1,1-(2-DEOXY-5-O-PHOSPHONO-BETA-D-ERYTHRO-PENTOFURANOSYL)-4-METHYL-1H-INDOLE,-7.443,46937051
N=c1c2ncn([C@@H]3O[C@H](COP(=O)(O)OP(=O)(O)OP(=O)(O)O)[C@@H](O)[C@H]3O)c2ncn1C1O[C@H](COP(=O)(O)O)[C@@H](O)[C@H]1O,1-(5-phospho-D-ribosyl)-ATP,-7.441,16019963
O=C(O)CC[C@H](NC(=O)N[C@@H](CCCCNC(=O)Nc1ccc([131I])cc1)C(=O)O)C(=O)O,MIP-1095 I-131,-7.437,124220556
CC(=O)CC(=O)Nc1ccc(Cl)c(C(F)(F)F)c1,Fasentin,-7.418,879520
CCCCC/C=C\C/C=C\C=C\C=C\[C@@H](SC[C@H](NC(=O)CC[C@H](N)C(=O)O)C(=O)NCC(=O)O)[C@@H](O)CCCC(=O)O,Leukotriene C4,-7.417,5280493
CCCC[C@H](NC(=O)CCC(=O)O)[P@@](=O)(O)Oc1ccccc1,PHENYL[1-(N-SUCCINYLAMINO)PENTYL]PHOSPHONATE,-7.403,444107
C[C@H](CCOc1cccc(CC(=O)O)c1)N(Cc1cccc(C(F)(F)F)c1Cl)CC(c1ccccc1)c1ccccc1,Abequolixron,-7.4,10218693
CC(C)[C@H](NS(=O)(=O)CCCc1ccccc1)P(=O)(O)C[C@H](C(=O)O)c1cccc(CN)c1,BX-528,-7.376,11705956
Cc1ncc(COP(=O)(O)O)c(CNC(C)(C)C(=O)O)c1O,N-Pyridoxyl-2-Methylalanine-5-Phosphate,-7.369,445009
Cc1cn([C@H]2C[C@H](N=[N+]=[N-])[C@@H](COP(=O)(O)O)O2)c(=O)[nH]c1=O,Zidovudine monophosphate,-7.366,65374
O=C(NCCOP(=O)(O)O)c1ccc(OC(F)(F)F)cc1,2-{[4-(TRIFLUOROMETHOXY)BENZOYL]AMINO}ETHYL DIHYDROGEN PHOSPHATE,-7.364,16122525
O=C(O)CC[C@H](NC(=O)N[C@@H](CCCCNCc1ccc([123I])cc1)C(=O)O)C(=O)O,Iofolastat I-123,-7.362,25194767
Cc1cn([C@H]2CC[C@@H](COP(=O)(O)O)O2)c(=O)[nH]c1=O,"2',3'-Dideoxythymidine-5'-Monophosphate",-7.361,165151
CCCCCCC(C)(C)c1cc(O)c([C@H]2CC(=O)[C@H]3C[C@@H]2C3(C)C)c(OC(=O)/C=C/C(=O)O)c1,Cannabinor,-7.345,10174045
C/C(=C(\CCOP(=O)(O)O)SC(=O)c1ccccc1)N(C=O)Cc1cnc(C)nc1N,Benfotiamine,-7.32,3032771
Cc1cccc2c1NC(=O)[C@@H](NC(=O)[C@H](CCC(F)(F)F)[C@H](CCC(F)(F)F)C(N)=O)N=C2c1cccc(F)c1,BMS-986115,-7.281,73388393
CCCCCCCCc1ccc(CCC(N)(CO)CO)cc1,Fingolimod,-7.272,107970
O=C(O)CNC(=O)CCC[P@](=O)(O)OCc1ccc([N+](=O)[O-])cc1,4-NITRO-BENZYLPHOSPHONOBUTANOYL-GLYCINE,-7.268,449242
CCCCCCCCCCCCCCCCOCCCOP(=O)(O)CO[C@H](C)Cn1cnc2c(N)ncnc21,Tenofovir exalidex,-7.263,23628250
Cc1cn([C@H]2C[C@H](OP(=O)(O)O)[C@@H](COP(=O)(O)O)O2)c(=O)[nH]c1=O,"Thymidine-3',5'-Diphosphate",-7.242,121976
CC(=O)N[C@@H](Cc1ccc(P(=O)(O)O)c(P(=O)(O)O)c1)C(=O)N[C@H]1CCCCc2cc(OCC3CCCCC3)c(C(N)=O)cc21,AP-22408,-7.235,445561
Cc1cc2ncn([C@H]3O[C@H](COP(=O)(O)O)[C@@H](O)[C@H]3O)c2cc1C,Alpha-Ribazole-5'-Phosphate,-7.228,444941
Cc1cc2nc3c(=O)[nH]c(=O)nc-3n(C[C@H](O)[C@H](O)[C@H](O)COP(=O)(O)O)c2cc1C,Flavin mononucleotide,-7.218,643976
Nc1nc(=O)c2cc(C[C@@](O)(CNCC(=O)N[C@@H]3O[C@H](COP(=O)(O)O)[C@@H](O)[C@H]3O)c3ccc(C(=O)N[C@@H](CCC(=O)O)C(=O)O)cc3)ccc2[nH]1,"(2S)-2-({4-[(2S)-1-(2-Amino-4-oxo-1,4-dihydro-6-quinazolinyl)-3-{[2-({(2R,3R,4S,5R)-3,4-dihydroxy-5-[(phosphonooxy)methyl]tetrahydro-2-furanyl}amino)-2-oxoethyl]amino}-2-hydroxy-2-propanyl]benzoyl}ami no)pentanedioic acid",-7.213,135488885
O=P(O)(O)OCCCc1c[nH]c2ccc(F)cc12,5-FLUOROINDOLE PROPANOL PHOSPHATE,-7.204,1819
CCCCC/C=C\C=C\[C@@H](O)CCCCCCCC(=O)O,9(S)-HODE,-7.179,5312830
O=P(O)(O)OC[C@H]1O[C@H](n2cnc3ccccc32)[C@H](O)[C@@H]1O,Alpha-Ribazole-5'-Phosphate Derivative,-7.173,446856
Nc1ncnc2c([C@@H]3O[C@H](COP(=O)(O)O)[C@@H](O)[C@H]3O)[nH]nc12,Formycin-5'-Monophosphate,-7.152,444260
CCC(=O)N1CC[C@H](Nc2ncnc3c2CN(c2cnc(OC)c(C(F)(F)F)c2)CC3)C1,Leniolisib,-7.147,57495353
CSc1nc(NCCC(C)C)c2ncn([C@@H]3O[C@H](COP(=O)(O)O)[C@@H](O)[C@H]3O)c2n1,2-METHYLTHIO-N6-ISOPENTENYL-ADENOSINE-5'-MONOPHOSPHATE,-7.132,46937130
C[C@@](CO)(OP(=O)(O)O)[C@H](O)COP(=O)(O)OP(=O)(O)OC[C@H]1O[C@@H](n2ccc(N)nc2=O)[C@H](O)[C@@H]1O,4-CDP-2-C-methyl-D-erythritol 2-phosphate,-7.107,443200
O=P(O)(O)OC[C@@H](O)[C@@H](O)c1c[nH]c2ccccc12,Indole-3-Glycerol Phosphate,-7.065,444150
CC[C@H](C)[C@@H](NCc1c(COP(=O)(O)O)cnc(C)c1O)C(=O)O,N-[O-Phosphono-Pyridoxyl]-Isoleucine,-7.064,92282619
Cc1ncc(COP(=O)(O)O)c(CNC2(C(=O)O)CC2)c1O,N-Pyridoxyl-1-Amino-Cyclopropanecarboxylic Acid-5-Monophosphate,-7.058,4324
CCCCN(CCCC)CCC(O)c1cc2c(Cl)cc(Cl)cc2c2cc(C(F)(F)F)ccc12,Halofantrine,-7.055,37393
CCCCCC[P@](=O)(O)O[C@H]1C[C@@H](C)CC[C@@H]1C(C)C,(1S)-menthyl hexyl phosphonate group,-7.053,446981
CCCCCCCCCCCC[P+](C)(C)CC(P(=O)(O)O)P(=O)(O)O,"(2,2-DIPHOSPHONOETHYL)(DODECYL)DIMETHYLPHOSPHONIUM",-7.047,24836815
Cc1ccc2c(c1)ncn2[C@H]1O[C@H](COP(=O)(O)O)[C@@H](O)[C@H]1O,"Mono-[3,4-Dihydroxy-5-(5-Methyl-Benzoimidazol-1-Yl)-Tetrahydor-Furan-2-Ylmethyl] Ester",-7.046,446491
O=P(O)(O)OCCNS(=O)(=O)c1ccc(OC(F)(F)F)cc1,2-({[4-(TRIFLUOROMETHOXY)PHENYL]SULFONYL}AMINO)ETHYL DIHYDROGEN PHOSPHATE,-7.03,16122526
O=C(O)C[C@H](Nc1ncnc2c1ncn2[C@@H]1O[C@H](COP(=O)(O)O)[C@@H](O)[C@H]1O)C(=O)O,Adenylosuccinic acid,-7.019,447145
O=P(O)(O)OC[C@H]1O[C@@H](n2cnc3c(Cl)[nH+]cnc32)[C@H](O)[C@@H]1O,"6-Chloropurine Riboside, 5'-Monophosphate",-7.019,17753915
CCCCCCCCCCCCCCCCOCCCOP(=O)(O)CO[C@H](CO)Cn1ccc(N)nc1=O,Brincidofovir,-7.016,483477
